accuracy,admitted_events,compounded_return,cost_bps,coverage,evidence_class,fold_count,max_drawdown,mean_realized_return,model_id,multiclass_brier,multiclass_logloss,prediction_hash,profit_factor,promotable,promotion_review_eligible,reason,result_hash,strategy_id,test_events,trial_id
0.5654450261780105,0,0.0,0.0,0.0,REAL_MARKET_EVENT_DATA,12,0.0,0.0,PRIOR,0.5656417308892882,0.9360367480819334,fd85aa581249e34952dc92c192b9f636db1036875fb53db7aa48c01aa4170d0f,0.0,False,True,ELIGIBLE_FOR_SEPARATE_PROMOTION_REVIEW,0bb33550246172442a3ec7c64066094c0c750ea15eaeb6f61ddcb934d5b5517f,C10_09_REGIME_ALIGNED_CONTINUATION,1337,0db843420de71dc041494b34bc3101eb6054e12106d0df177f0f3100b3591912
0.5654450261780105,0,0.0,24.0,0.0,REAL_MARKET_EVENT_DATA,12,0.0,0.0,PRIOR,0.5656417308892882,0.9360367480819334,fd85aa581249e34952dc92c192b9f636db1036875fb53db7aa48c01aa4170d0f,0.0,False,True,ELIGIBLE_FOR_SEPARATE_PROMOTION_REVIEW,3732bba5900cdd7346cbdb66f8fb545acc6191056c7a820590edf54063c6b19e,C10_09_REGIME_ALIGNED_CONTINUATION,1337,ff45e9ec438ce07513691ce66a95bfcef7d501fabe1d03aa59e2a7e3cbc699c6
0.5654450261780105,0,0.0,36.0,0.0,REAL_MARKET_EVENT_DATA,12,0.0,0.0,PRIOR,0.5656417308892882,0.9360367480819334,fd85aa581249e34952dc92c192b9f636db1036875fb53db7aa48c01aa4170d0f,0.0,False,True,ELIGIBLE_FOR_SEPARATE_PROMOTION_REVIEW,0b80ef915517ec5f43944a253a82161f9b755316ddce63ab020b95d4e51e2e17,C10_09_REGIME_ALIGNED_CONTINUATION,1337,180eb6af8a38296fcbba2ce954bbcfbf840da311ea7caeffae5c516fe894431c
0.5654450261780105,0,0.0,50.0,0.0,REAL_MARKET_EVENT_DATA,12,0.0,0.0,PRIOR,0.5656417308892882,0.9360367480819334,fd85aa581249e34952dc92c192b9f636db1036875fb53db7aa48c01aa4170d0f,0.0,False,True,ELIGIBLE_FOR_SEPARATE_PROMOTION_REVIEW,844f1ada85e33575c43ea989e1add1be7e3f967e7c0c463cd9c49fbb93508449,C10_09_REGIME_ALIGNED_CONTINUATION,1337,c4dea380e6f42f3264ba6e17d0a288a6d1b8acf48ba3e1b53116235272b896eb
0.5557217651458489,290,0.23697634008399837,0.0,0.2169035153328347,REAL_MARKET_EVENT_DATA,12,0.3615011443290578,0.00020847356645411436,LOGISTIC,0.600440677054265,1.628855565727129,05399b2dace73f4c9a12ea809bb8835cf406bfa524fe50485af607683948e897,1.1318743477465822,False,True,ELIGIBLE_FOR_SEPARATE_PROMOTION_REVIEW,84f307d3055bdfa2ed328e34340f889c9afbcc627c58326ff5095dbed0b96c45,C10_09_REGIME_ALIGNED_CONTINUATION,1337,4a03e0022a4f169bd80568e59f4381ad9a8f24e5a54c474443c4b16b7f8b1933
0.5557217651458489,143,0.12058194022180424,24.0,0.10695587135377711,REAL_MARKET_EVENT_DATA,12,0.34902033044358405,0.00012608006754307816,LOGISTIC,0.600440677054265,1.628855565727129,05399b2dace73f4c9a12ea809bb8835cf406bfa524fe50485af607683948e897,1.1142594720823595,False,True,ELIGIBLE_FOR_SEPARATE_PROMOTION_REVIEW,3dfed8d64d93a7a2405e573e7bbd3ff5bc6930f040b2413cf66debe7d935969f,C10_09_REGIME_ALIGNED_CONTINUATION,1337,68e8ce2dbcdbad2bb46ca491ed84206c1150055d97dff8a62d70209d51bd4cbb
0.5557217651458489,122,-0.004082788759401601,36.0,0.0912490650710546,REAL_MARKET_EVENT_DATA,12,0.3625122899342631,3.536737387786893e-05,LOGISTIC,0.600440677054265,1.628855565727129,05399b2dace73f4c9a12ea809bb8835cf406bfa524fe50485af607683948e897,1.0339733827535775,False,True,ELIGIBLE_FOR_SEPARATE_PROMOTION_REVIEW,e48a237571d7984528638e2872e6dce8504cb33ed5c77d6780c55acb772276f9,C10_09_REGIME_ALIGNED_CONTINUATION,1337,83f1706e539a21b946bf98691354a501ed41cb3433284400cf9769e2142c2ef9
0.5557217651458489,109,-0.13360860073088543,50.0,0.08152580403889305,REAL_MARKET_EVENT_DATA,12,0.37792022960999305,-7.054223653672337e-05,LOGISTIC,0.600440677054265,1.628855565727129,05399b2dace73f4c9a12ea809bb8835cf406bfa524fe50485af607683948e897,0.9312752443001854,False,True,ELIGIBLE_FOR_SEPARATE_PROMOTION_REVIEW,e292afde3374e5da12ceb3a5d9e28fc60025af45023b649f4d817314747c2adc,C10_09_REGIME_ALIGNED_CONTINUATION,1337,ec9806b64959932b5ffca4acd1c3edef98f7d8ad7507e60ba663c9691701ae0d
0.543754674644727,313,2.383718753048665,0.0,0.23410620792819745,REAL_MARKET_EVENT_DATA,12,0.37935113761710326,0.0009775811445461007,HIST_GRADIENT_BOOSTING,0.5974349483264134,1.3673939074453456,71888bba6788836df710a5698109e67b26ddfb3bce05da6d527cdb92f1860c5c,1.6371337585559396,False,True,ELIGIBLE_FOR_SEPARATE_PROMOTION_REVIEW,36d4115e57a02b5b67ff9a96a6aa86c572c5866c084517b3be266c649946897c,C10_09_REGIME_ALIGNED_CONTINUATION,1337,1f5ccfa104028e8bcc700b8ff63ecf58abdb90030b807654cb778a24b80b556f
0.543754674644727,191,0.48341430236870675,24.0,0.14285714285714285,REAL_MARKET_EVENT_DATA,12,0.4091703874420102,0.00035197042865738515,HIST_GRADIENT_BOOSTING,0.5974349483264134,1.3673939074453456,71888bba6788836df710a5698109e67b26ddfb3bce05da6d527cdb92f1860c5c,1.25624468936358,False,True,ELIGIBLE_FOR_SEPARATE_PROMOTION_REVIEW,4539cf05b7c9d53bac807abd7b31c7e2e5da109f0afc824eea7c1cefa2d9d941,C10_09_REGIME_ALIGNED_CONTINUATION,1337,1510f92334a0a9399049ed7defcdbbc738c03774a73022f7f7d0b3a1b9c48e40
0.543754674644727,163,0.10708556119102264,36.0,0.1219147344801795,REAL_MARKET_EVENT_DATA,12,0.4235646449809545,0.00012859038666993342,HIST_GRADIENT_BOOSTING,0.5974349483264134,1.3673939074453456,71888bba6788836df710a5698109e67b26ddfb3bce05da6d527cdb92f1860c5c,1.096522788510859,False,True,ELIGIBLE_FOR_SEPARATE_PROMOTION_REVIEW,dcdaeb3a94eff7039127ac69bd81a3e02b4f2a05cac496a71d490243ce244f89,C10_09_REGIME_ALIGNED_CONTINUATION,1337,6d9306191b0f1bfb53c620b82950aa44c44d19d0258dd513af9bb32b78c66e3f
0.543754674644727,138,-0.09543740469554896,50.0,0.10321615557217652,REAL_MARKET_EVENT_DATA,12,0.43993690001573926,-2.5043604547816905e-05,HIST_GRADIENT_BOOSTING,0.5974349483264134,1.3673939074453456,71888bba6788836df710a5698109e67b26ddfb3bce05da6d527cdb92f1860c5c,0.9805653856556109,False,True,ELIGIBLE_FOR_SEPARATE_PROMOTION_REVIEW,8cb4ecb0d88c009fc5d3ab3abbe14715a0afd98424d4ea787afa9c5e75b9cfd6,C10_09_REGIME_ALIGNED_CONTINUATION,1337,90b5c36cdffe92fa945f4c35c67cb5bd6213f3d3b724b350a643261293c339d3
0.5680321872713973,0,0.0,0.0,0.0,REAL_MARKET_EVENT_DATA,12,0.0,0.0,PRIOR,0.5759351585035846,0.9588766981042863,deafcb045f69dddfda8fb6b8625928d2facf21311da973f891799f89c691cc75,0.0,False,True,ELIGIBLE_FOR_SEPARATE_PROMOTION_REVIEW,caa5b53547d5044ec7f6cda439fc789ff4a01b353c3b710af1f5a01a0eea7467,ICHIMOKU_VISIBLE_CLOUD,2734,9d319624631e91b95656f52c9b96f7f86aad8934faaf09876cdf09093c8b3915
0.5680321872713973,0,0.0,24.0,0.0,REAL_MARKET_EVENT_DATA,12,0.0,0.0,PRIOR,0.5759351585035846,0.9588766981042863,deafcb045f69dddfda8fb6b8625928d2facf21311da973f891799f89c691cc75,0.0,False,True,ELIGIBLE_FOR_SEPARATE_PROMOTION_REVIEW,decce2018db8f65425b544d39255ef16097aaadd0ee7c2f0a7512dae555e41b0,ICHIMOKU_VISIBLE_CLOUD,2734,592eee9b0ccff15c0b11300c9ee75eb45fe74a6013b01d964a9e4a055b48c8ea
0.5680321872713973,0,0.0,36.0,0.0,REAL_MARKET_EVENT_DATA,12,0.0,0.0,PRIOR,0.5759351585035846,0.9588766981042863,deafcb045f69dddfda8fb6b8625928d2facf21311da973f891799f89c691cc75,0.0,False,True,ELIGIBLE_FOR_SEPARATE_PROMOTION_REVIEW,262ebc46335c14fb13aa6f00da1dd8c74559473e845704ec0598c227d612fbcf,ICHIMOKU_VISIBLE_CLOUD,2734,343eb905ef9c9ce8f96790e0231213a1c91cd0b32f2b8864ee666daaec5c5def
0.5680321872713973,0,0.0,50.0,0.0,REAL_MARKET_EVENT_DATA,12,0.0,0.0,PRIOR,0.5759351585035846,0.9588766981042863,deafcb045f69dddfda8fb6b8625928d2facf21311da973f891799f89c691cc75,0.0,False,True,ELIGIBLE_FOR_SEPARATE_PROMOTION_REVIEW,b31be38e4bb183f94720efa749716e09d4e0dda77cb718f69d1ad265dc69e569,ICHIMOKU_VISIBLE_CLOUD,2734,f025219b0dcbc7c9062d7c90f2e016f4b3bb51d1065a65250823bdb175119766
0.5373079736649597,850,-0.4235659840783734,0.0,0.3108997805413314,REAL_MARKET_EVENT_DATA,12,0.6510610929543663,-0.00015005150108546523,LOGISTIC,0.6448670100846273,1.6979962003423186,131e99a6037f92e4750888116410605fa164f9abe3bb0862e7fe6415586cf945,0.9288117497620805,False,True,ELIGIBLE_FOR_SEPARATE_PROMOTION_REVIEW,0dbfb9662ac2e11baaf98fd4f8173819c52f308f1c5ae99dc4bc1ab442d8a27d,ICHIMOKU_VISIBLE_CLOUD,2734,5e1f9bcbaf8db4c984dc51d94cc97bbe8d89aadd6d32c51aab74ac614594d6fe
0.5373079736649597,437,-0.7903845428845236,24.0,0.1598390636430139,REAL_MARKET_EVENT_DATA,12,0.8164476474565091,-0.000533370725554806,LOGISTIC,0.6448670100846273,1.6979962003423186,131e99a6037f92e4750888116410605fa164f9abe3bb0862e7fe6415586cf945,0.6683549089443501,False,True,ELIGIBLE_FOR_SEPARATE_PROMOTION_REVIEW,7e10d8bdd2da05f343855ae99018dbd69afb65103568ff83a08d886204cf2677,ICHIMOKU_VISIBLE_CLOUD,2734,7abcf4b73144c9a7b605cc3b7e6d949a80557aa765290ecbcb3dfbc2521cd999
0.5373079736649597,335,-0.8139497565220613,36.0,0.12253108997805413,REAL_MARKET_EVENT_DATA,12,0.8435976426378591,-0.0005795122833547945,LOGISTIC,0.6448670100846273,1.6979962003423186,131e99a6037f92e4750888116410605fa164f9abe3bb0862e7fe6415586cf945,0.5976987391270032,False,True,ELIGIBLE_FOR_SEPARATE_PROMOTION_REVIEW,7217fd487274b341a37791d0e33a58bd355ba7d0c573847b0831528d5b30f22b,ICHIMOKU_VISIBLE_CLOUD,2734,37e0cf33b113d16a3ce9e8cb00356446da8f85b77b55e17769815a6bbe391caa
0.5373079736649597,252,-0.848520114370761,50.0,0.09217264081931237,REAL_MARKET_EVENT_DATA,12,0.8747282103452696,-0.0006572957516221186,LOGISTIC,0.6448670100846273,1.6979962003423186,131e99a6037f92e4750888116410605fa164f9abe3bb0862e7fe6415586cf945,0.5033328171437409,False,True,ELIGIBLE_FOR_SEPARATE_PROMOTION_REVIEW,3bb4499e42d7750832f1e9f2150da95a2e2a922b95cf5f3b8e120a04de426506,ICHIMOKU_VISIBLE_CLOUD,2734,6fc193c030ebdd7f465dff1ba01ee72fc01f2937199a873d734375902cf5d6b7
0.5362106803218727,906,-0.6219205196242725,0.0,0.33138258961228967,REAL_MARKET_EVENT_DATA,12,0.7605713205245412,-0.0002938880349503602,HIST_GRADIENT_BOOSTING,0.6392771708351511,1.913607244180711,1035b2bc56813ca90558784abe5953d9cf65ce0ab63816002d1d65ffe029407e,0.8800705921805604,False,True,ELIGIBLE_FOR_SEPARATE_PROMOTION_REVIEW,34908cc077f0b8bf1ba3b9ffbba39bece47baee198e4b7ccdb9de4842f11894b,ICHIMOKU_VISIBLE_CLOUD,2734,adea54c3de82b399b3d3f2ff78a6825aa63ba8f591875a26851e017a6568403d
0.5362106803218727,562,-0.8120370816666362,24.0,0.2055596196049744,REAL_MARKET_EVENT_DATA,12,0.8721317231410162,-0.0005571337814773503,HIST_GRADIENT_BOOSTING,0.6392771708351511,1.913607244180711,1035b2bc56813ca90558784abe5953d9cf65ce0ab63816002d1d65ffe029407e,0.7311606208765788,False,True,ELIGIBLE_FOR_SEPARATE_PROMOTION_REVIEW,dcd31530e4effe26f597fb1eea59a7fa7ae4561c86996633e04b679333a181be,ICHIMOKU_VISIBLE_CLOUD,2734,fedf0d520f45b87c4ad8b17e25c64b638d50b9b53603b68e8940b1ddb17ee7ce
0.5362106803218727,404,-0.7808819233073224,36.0,0.14776883686905634,REAL_MARKET_EVENT_DATA,12,0.8251785224558101,-0.000513589014689619,HIST_GRADIENT_BOOSTING,0.6392771708351511,1.913607244180711,1035b2bc56813ca90558784abe5953d9cf65ce0ab63816002d1d65ffe029407e,0.6763473455606286,False,True,ELIGIBLE_FOR_SEPARATE_PROMOTION_REVIEW,fab593ea6650992a05186d79f4fd052824d4452e169107079c5b2a5bc81da16a,ICHIMOKU_VISIBLE_CLOUD,2734,70736d27a7e07efc08fc537a8486655813883d90ed5a17c954099dbbb72e4eb9
0.5362106803218727,293,-0.7745762786363498,50.0,0.1071689831748354,REAL_MARKET_EVENT_DATA,12,0.8494916098304216,-0.0005077143799441525,HIST_GRADIENT_BOOSTING,0.6392771708351511,1.913607244180711,1035b2bc56813ca90558784abe5953d9cf65ce0ab63816002d1d65ffe029407e,0.6272554535674401,False,True,ELIGIBLE_FOR_SEPARATE_PROMOTION_REVIEW,2da4d1d899797d3bcf1dce96f7a901c64f96e603630112886493107b4155dafd,ICHIMOKU_VISIBLE_CLOUD,2734,3532296c08cad78145afe45e4c46a9dc6a2f07f846414cdab347f7904c7008da
